{
    "K":[
            [
                659.77,
                0.0,
                653.80
            ],
            [
                0.0,
                624.16,
                337.32
            ],
            [
                0.0,
                0.0,
                1.0
            ]
    ],
    "K_new":
        [
            [
            659.77,
            0.0,
            653.80
        ],
        [
            0.0,
            624.16,
            337.32
        ],
        [
            0.0,
            0.0,
            1.0
        ]
    ],
    "R":null,
    "T":null,
    "dist":[
        -0.16026,
        0.0262125,
        -0.00224888,
        -0.00259982,
        0.0
    ],
    "view_id":1,
    "ROI":null,
    "bounding_box":null,
    "size":null
}